word,count
the,1206
and,1005
to,797
of,732
you,592
a,563
i,541
my,513
in,444
it,428
that,391
is,359
ham,358
this,332
not,319
his,297
with,274
for,269
but,263
your,252
be,229
me,229
as,224
lord,221
he,212
what,201
so,197
him,195
king,193
have,185
will,174
do,156
or,154
we,151
no,148
are,141
by,140
on,140
if,131
our,131
all,125
queen,117
shall,114
hor,111
from,107
o,104
thou,103
they,102
hamlet,102
more,101
come,99
good,99
now,98
at,97
let,92
her,91
how,89
thy,86
pol,86
may,85
most,85
was,83
like,80
would,78
know,75
there,74
us,73
them,72
sir,72
'tis,71
well,71
go,70
love,66
enter,66
which,66
then,65
very,65
give,65
did,65
hath,64
must,62
laer,62
speak,60
why,60
an,59
should,59
such,58
thee,58
oph,58
when,57
their,57
i'll,56
some,56
one,55
am,55
upon,55
make,55
out,55
here,54
than,54
these,54
say,53
where,53
ros,53
father,51
man,51
too,49
much,48
see,48
time,47
clown,47
think,47
she,47
had,44
who,44
laertes,43
heaven,43
tell,43
horatio,43
play,42
yet,41
exit,39
can,39
thus,39
own,39
take,38
nor,38
look,38
up,37
death,37
mother,37
exeunt,36
ay,35
polonius,35
guil,35
mar,35
etext,34
soul,34
project,33
life,33
could,33
into,32
ghost,32
within,32
mine,32
dead,32
hear,32
made,32
other,32
night,31
whose,31
might,31
indeed,30
cannot,30
again,30
nothing,30
guildenstern,29
both,29
leave,28
dear,28
were,28
god,28
ophelia,28
been,28
nature,27
doth,27
heart,27
even,27
matter,27
down,27
pray,27
rosencrantz,26
hold,26
never,26
world,26
great,26
does,26
away,26
part,26
head,26
any,26
sweet,26
osr,25
nay,25
set,24
scene,24
comes,24
put,24
itself,24
earth,24
true,23
against,23
show,23
those,23
day,23
denmark,22
call,22
before,22
seen,22
i',22
eyes,22
about,22
though,22
without,22
fair,21
son,21
means,21
still,21
madness,21
himself,21
mad,21
ber,21
till,21
first,21
get,21
two,21
done,21
players,21
old,20
england,20
off,20
use,20
poor,20
since,20
fear,20
words,20
act,19
hand,19
keep,19
friends,19
believe,19
end,19
gutenberg,19
follow,19
many,18
makes,18
has,18
cause,18
form,18
thing,18
little,18
father's,18
blood,18
young,17
noble,17
else,17
faith,17
better,17
long,17
find,17
please,17
body,17
farewell,17
art,17
once,17
ear,17
therefore,16
hast,16
last,16
majesty,16
marry,16
thoughts,16
sword,16
is't,16
there's,16
speech,16
that's,16
youth,16
question,16
etexts,15
things,15
rest,15
live,15
between,15
tongue,15
room,15
said,15
eye,15
bear,15
watch,15
state,15
stand,15
castle,15
fortinbras,15
gone,14
word,14
work,14
another,14
welcome,14
heard,14
yourself,14
lady,14
reason,14
sings,14
ever,14
answer,14
mark,14
o'er,14
grief,14
each,14
free,14
something,14
haste,13
virtue,13
sense,13
grace,13
what's,13
sent,13
we'll,13
daughter,13
after,13
gentleman,13
norway,13
dost,13
thine,13
none,13
rey,13
further,13
goes,13
gertrude,13
duty,13
spirit,13
kind,13
second,12
fit,12
right,12
saw,12
thousand,12
being,12
e'en,12
bring,12
marcellus,12
drink,12
oft,12
ere,12
grave,12
air,12
voice,12
together,12
gentlemen,12
help,12
hands,12
awhile,12
same,12
ourselves,12
sleep,12
murder,12
ho,12
foul,11
wind,11
purpose,11
best,11
in't,11
full,11
fire,11
fortune,11
receive,11
face,11
passion,11
far,11
way,11
remember,11
honest,11
friend,11
only,11
business,11
takes,11
bed,11
neither,11
men,11
revenge,11
mind,11
to-night,11
through,11
thought,11
he's,11
name,11
given,11
alas,11
sure,11
myself,11
o',11
'twere,11
villain,11
mean,10
doubt,10
command,10
thanks,10
let's,10
p,10
phrase,10
hell,10
lie,10
honour,10
while,10
skull,10
aught,10
seem,10
near,10
deed,10
hamlet's,10
particular,10
hour,10
fine,10
madam,10
excellent,10
news,10
memory,10
peace,10
place,9
alone,9
aside,9
note,9
breath,9
bernardo,9
small,9
action,9
thank,9
person,9
sight,9
custom,9
age,9
came,9
letters,9
lay,9
shows,9
ground,9
offence,9
month,9
courtier,9
copyright,9
less,9
draw,9
stay,9
arms,9
seek,9
ears,9
fell,9
behind,9
fall,9
late,9
almost,9
judgment,9
every,9
days,9
uncle,9
brother,9
falls,9
strange,9
walk,9
swear,9
music,8
wrong,8
to't,8
power,8
on't,8
devil,8
read,8
unto,8
pale,8
try,8
king's,8
hope,8
shame,8
law,8
break,8
forth,8
truly,8
conscience,8
lordship,8
heavens,8
woe,8
meet,8
times,8
osric,8
lost,8
three,8
hither,8
grow,8
here's,8
black,8
fellow,8
understand,8
back,8
fran,8
soft,8
noise,8
elsinore,8
fashion,8
gave,8
charge,8
quick,8
says,8
wife,8
list,8
sun,8
known,8
return,8
attendants,8
sit,8
light,8
looks,8
joy,8
wilt,8
service,7
wholesome,7
desire,7
voltimand,7
bloody,7
tears,7
do't,7
whole,7
loves,7
next,7
woman,7
capt,7
year,7
husband,7
fool,7
march,7
beg,7
effect,7
lose,7
ha,7
dies,7
shot,7
beseech,7
enough,7
sound,7
money,7
brother's,7
public,7
needs,7
coming,7
print,7
dust,7
point,7
wherein,7
either,7
general,7
under,7
already,7
rank,7
top,7
turn,7
gives,7
seems,7
whether,7
obey,7
brought,6
hot,6
beauty,6
danish,6
wisdom,6
season,6
mouth,6
wish,6
crown,6
choice,6
damned,6
buried,6
dare,6
gifts,6
pass,6
sea,6
send,6
move,6
truth,6
false,6
sister,6
copy,6
wouldst,6
seal'd,6
cold,6
domain,6
touch,6
struck,6
piece,6
heavy,6
toward,6
anon,6
dull,6
wicked,6
fare,6
confess,6
herself,6
need,6
desperate,6
kill'd,6
home,6
pardon,6
new,6
poison,6
bad,6
prince,6
ii,6
yours,6
lies,6
round,6
visit,6
maid,6
pyrrhus,6
cock,6
audience,6
vile,6
circumstance,6
common,6
discourse,6
shape,6
bid,6
others,6
reynaldo,6
sorrow,6
laugh,6
ill,6
foils,6
over,6
laid,6
stood,6
fault,6
mother's,6
medium,6
water,6
guilty,6
information,6
cornelius,6
cast,6
lack,6
fat,6
court,6
rather,6
wager,6
health,6
feed,6
double,6
dane,6
hit,6
dumb,6
whom,6
files,6
proof,6
whilst,6
choose,6
re-enter,6
ambition,6
speaks,6
brain,6
beast,6
below,6
nunnery,5
&c,5
keeps,5
fie,5
burial,5
shalt,5
player,5
in's,5
distribute,5
prison,5
prologue,5
perchance,5
natural,5
course,5
million,5
fortune's,5
image,5
mass,5
carriages,5
door,5
found,5
marriage,5
cry,5
spirits,5
land,5
trumpet,5
writ,5
beneath,5
books,5
gentle,5
colour,5
flesh,5
above,5
told,5
damages,5
mercy,5
terms,5
received,5
gracious,5
th',5
humbly,5
bound,5
flourish,5
half,5
servant,5
brains,5
begin,5
cannon,5
drown'd,5
twelve,5
throw,5
safety,5
'twas,5
visage,5
dread,5
dream,5
base,5
silence,5
warlike,5
wit,5
including,5
alexander,5
university,5
beard,5
adieu,5
soldiers,5
woul't,5
motive,5
eat,5
star,5
went,5
vows,5
commission,5
yes,5
save,5
shakespeare,5
knew,5
souls,5
french,5
withal,5
france,5
fly,5
morning,5
honesty,5
countenance,5
among,5
slain,5
sudden,5
pay,5
knave,5
stir,5
house,5
hard,5
disposition,5
statement,5
danger,5
sing,5
conceit,5
themselves,5
holds,5
thyself,5
whereon,5
mortal,5
unless,5
ah,5
plain,5
works,5
dangerous,5
ambassadors,5
hide,5
liberty,5
property,5
patience,5
hearing,5
report,5
gutenberg-tm,5
longer,5
drown,5
arras,5
quiet,5
blessing,5
author,5
bodies,5
kingdom,5
table,5
moon,5
treason,5
'gainst,5
ten,5
christian,5
short,5
teach,5
arm,5
man's,5
fee,5
figure,5
present,5
perhaps,5
slave,5
damn'd,5
four,4
fingers,4
want,4
release,4
fain,4
pity,4
country,4
to-morrow,4
ease,4
possible,4
so',4
sigh,4
anything,4
following,4
date,4
argument,4
priest,4
brow,4
wits,4
certain,4
forgot,4
past,4
cunning,4
states,4
weeds,4
ftp,4
defect,4
also,4
kill,4
straight,4
b',4
honour'd,4
stronger,4
return'd,4
pause,4
meant,4
frame,4
sits,4
infinite,4
lest,4
didst,4
length,4
modesty,4
consent,4
brief,4
leisure,4
draws,4
thrice,4
hang,4
kept,4
bore,4
months,4
editions,4
priam,4
liability,4
cost,4
change,4
sending,4
trumpets,4
hall,4
directly,4
flowers,4
angel,4
good-night,4
thinking,4
prepare,4
start,4
stars,4
drift,4
strong,4
ye,4
unnatural,4
ass,4
lights,4
hundred,4
danes,4
herein,4
ready,4
censure,4
seeing,4
lords,4
william,4
wi',4
thence,4
special,4
quality,4
years,4
addition,4
warrant,4
warranties,4
methinks,4
lives,4
sorry,4
reads,4
bestow,4
cousin,4
puts,4
iv,4
grown,4
grows,4
yea,4
sailors,4
fort,4
assume,4
die,4
favour,4
poison'd,4
tale,4
main,4
paid,4
treasure,4
chamber,4
violence,4
lands,4
affection,4
imagination,4
forget,4
armed,4
pleasure,4
bosom,4
express,4
remove,4
tender,4
secret,4
cup,4
follows,4
often,4
remembrance,4
whereto,4
lend,4
prepared,4
presently,4
methought,4
iii,4
bones,4
native,4
throat,4
complete,4
request,4
instant,4
freely,4
otherwise,4
commend,4
deep,4
file,4
expense,4
discretion,4
entertainment,4
direct,4
pate,4
breathe,4
got,4
took,4
spade,4
snow,4
commandment,4
twice,4
habit,4
wear,4
shortly,4
wittenberg,4
incestuous,4
affair,4
clouds,4
stands,4
refund,4
platform,4
begun,4
motion,4
white,4
wide,4
quantity,4
tend,4
horrible,4
weep,4
violent,4
rose,4
legal,4
polack,4
ladies,4
cursed,4
calls,4
lov'd,4
thrift,4
glad,4
imports,4
reach,4
ecstasy,4
hecuba,4
turn'd,4
fast,4
mock,4
desires,4
few,4
sort,4
six,4
practice,4
impart,4
hence,4
wild,4
cries,4
lead,4
sick,4
golden,3
gaming,3
borne,3
if't,3
bitter,3
idle,3
feeling,3
dozen,3
